{
  "description": "",
  "methods": [
    {
      "name": "switchModal",
      "docblock": null,
      "modifiers": [],
      "params": [
        {
          "name": "modal",
          "type": null
        }
      ],
      "returns": null
    },
    {
      "name": "navClose",
      "docblock": null,
      "modifiers": [],
      "params": [
        {
          "name": "e",
          "type": null
        }
      ],
      "returns": null
    },
    {
      "name": "navOpen",
      "docblock": null,
      "modifiers": [],
      "params": [],
      "returns": null
    },
    {
      "name": "closeSignUp",
      "docblock": null,
      "modifiers": [],
      "params": [],
      "returns": null
    },
    {
      "name": "showDetails",
      "docblock": null,
      "modifiers": [],
      "params": [],
      "returns": null
    },
    {
      "name": "showMessageDrop",
      "docblock": null,
      "modifiers": [],
      "params": [],
      "returns": null
    },
    {
      "name": "showNotificationDrop",
      "docblock": null,
      "modifiers": [],
      "params": [],
      "returns": null
    },
    {
      "name": "searchDrop",
      "docblock": null,
      "modifiers": [],
      "params": [],
      "returns": null
    },
    {
      "name": "logOutUser",
      "docblock": null,
      "modifiers": [],
      "params": [],
      "returns": null
    },
    {
      "name": "showProfileUser",
      "docblock": null,
      "modifiers": [],
      "params": [],
      "returns": null
    }
  ]
}