{
  "description": "",
  "methods": [
    {
      "name": "signUpClose",
      "docblock": null,
      "modifiers": [],
      "params": [],
      "returns": null
    },
    {
      "name": "handleSignup",
      "docblock": null,
      "modifiers": [],
      "params": [],
      "returns": null
    },
    {
      "name": "forget",
      "docblock": null,
      "modifiers": [],
      "params": [],
      "returns": null
    },
    {
      "name": "handleSignUpBackButton",
      "docblock": null,
      "modifiers": [],
      "params": [],
      "returns": null
    }
  ]
}